QUESTIONS,A,B,C,D,DESCRIPTION A,DESCRIPTION B,DESCRIPTION C,DESCRIPTION D,ANSWER
1. Which scenario best illustrates “Planning” in Household Resource Management? ,"Buying items without comparing prices. 
","Listing monthly expenses before budgeting.
","Saving receipts randomly.
","Spending all savings at once. 
",Option A is incorrect because buying without comparing prices reflects impulsive behavior.,"The correct answer is B because listing monthly expenses before budgeting shows foresight and preparation, which are essential elements of planning.

","Option C is incorrect because randomly saving receipts lacks organization and intention.
",Option D is incorrect because spending all savings at once shows absence of planning and financial discipline.,B
2. Which best describes a consumer?,"A business that sells products
","A person who invests in stock markets
","A person who uses goods and services for needs
","A person who produces goods
",Option A is incorrect because businesses are producers or sellers.,Option B is incorrect because investing is not consumption.,The correct answer is C because a consumer is someone who uses goods and services to satisfy needs and wants.,Option D is incorrect because producing goods does not define a consumer.,C
"3. Which aspect is NOT part of consumer education?
","Business profit maximization
",Informed choice,Value systems,Wise decision-making,"The correct answer is A because consumer education focuses on consumer welfare, not maximizing business profits.","Option B is incorrect because informed choice is a key goal.
","Option C is incorrect because values guide responsible consumption.
","Option D is incorrect because wise decision-making is central to consumer education.
",A
"4. When a family decides whether to fix their roof or renovate their kitchen, which management principle are they demonstrating? ",Prioritization ,Time Management ,Marketing Strategy,"Profit Maximization 
","The correct answer is A because choosing between fixing a roof and renovating a kitchen requires ranking needs according to urgency, which defines prioritization.
",Option B is incorrect because time management focuses on scheduling tasks.,Option C is incorrect because marketing strategy applies to business promotion.,Option D is incorrect because profit maximization is not a household objective.,A
5. What is the first step in the management process? ,Organizing,"Controlling 
",Planning ,Evaluating,Option A is incorrect because organizing follows planning.,"Option B is incorrect because controlling happens during implementation.
",The correct answer is C because planning is the first step in the management process where goals and actions are determined.,"Option D is incorrect because evaluation is done after activities are completed.
",C
6. Which scenario reflects responsible consumer behavior?,"Ignoring product reviews
",Listening only to friends,"Checking return policies before purchase
","Buying first, thinking later
",Option A is incorrect because reviews provide helpful insights.,Option B is incorrect because decisions should not rely solely on others.,The correct answer is C because reviewing policies shows foresight and responsibility.,"Option D is incorrect because it reflects impulsive behavior.
",C
"7. Which statement shows cause and effect in consumer education?
","Advertising leads to education
","Learned skills lead to better choices
","Prices rise, fewer consumers
","Rights ignored, better decisions",Option A is incorrect because advertising is not education.,The correct answer is B because knowledge directly influences decision quality.,Option C is incorrect because it is not education-related.,Option D is incorrect because ignoring rights harms decisions.,D
"8. When a mother uses leftover vegetables to make soup rather than throwing them away, which concept does this illustrate? ",Resource Substitution ,Wasteful Consumption ,Maximum Utilization of Resources,Discount Shopping,Option A is incorrect because no replacement resource is used. ,Option B is incorrect because the action reduces waste.,The correct answer is C because using leftover vegetables ensures maximum utilization of available resources.,"Option D is incorrect because discount shopping involves purchasing, which is not present.",C
9. Which tool is most useful for a household to organize and track its monthly financial information?,Calendar,Budget Worksheet ,Cooking Recipe,Sewing Pattern,Option A is incorrect because a calendar only tracks dates.,The correct answer is B because a budget worksheet systematically records income and expenses. ,Option C is incorrect because a recipe is for cooking. ,Option D is incorrect because a sewing pattern is unrelated to finance.,B
"10. In resource management, what does the process of evaluation focus on? ",Listing expenses,Checking outcome against plan,Ignoring budget limits,Spending without limits ,Option A is incorrect because listing expenses is record-keeping. ,The correct answer is B because evaluation involves comparing actual results with the plan.,Option C is incorrect because ignoring limits contradicts evaluation. ,Option D is incorrect because uncontrolled spending reflects poor management.,B
11. Responsibility in consumer decisions helps:,"Increase purchases
","Ignore product specifications
","Balance needs and ethics
",Create brand loyalty,"Option A is incorrect because quantity is not the goal.
",Option B is incorrect because specs matter.,The correct answer is C because responsibility aligns choices with values.,Option D is incorrect because loyalty is secondary.,C
12. In what way is “organizing” different from “planning” in management?,It focuses on identifying objectives and deciding in advance what actions should be taken to achieve them.,"It involves arranging, assigning, and coordinating resources such as time, money, and people to carry out plans effectively.",It concentrates on reviewing outcomes to determine whether goals have been achieved and what improvements are needed.,It disregards timelines and structured activities when managing tasks.,Option A is incorrect because identifying objectives belongs to planning. ,The correct answer is B because organizing focuses on arranging and coordinating resources to carry out plans,Option C is incorrect because reviewing outcomes refers to evaluation.,Option D is incorrect because effective management requires structure and timelines.,B
13. Which is an example of “Controlling” in household management? ,Creating a weekly budget,Checking actual spending against the budget,Drafting a sewing pattern ,Promoting a product,Option A is incorrect because creating a budget is planning. ,The correct answer is B because controlling involves monitoring actual spending against the budget.,Option C is incorrect because sewing patterns are unrelated. ,Option D is incorrect because promotion belongs to marketing.,B
"14. When price and quality are similar, the best guide is:",Advertisement slogans,Familiar brand only,Personal values and needs,Peer influence,Option A is incorrect because slogans persuade,Option B is incorrect because familiarity can bias.,The correct answer is C because values and needs personalize decisions.,Option D is incorrect because peers may differ.,C
"15. If a family outlines their goals and decides what they want to achieve for the year, which step of management are they carrying out?",Planning,Controlling,Marketing,Recycling,The correct answer is A because outlining goals and deciding future actions is planning,Option B is incorrect because controlling checks performance. ,Option C is incorrect because marketing concerns selling products,Option D is incorrect because recycling does not involve goal setting.,A
16. Consumer education should be mandatory because it:,Increases advertising reach,Helps consumers make quick purchases,Strengthens consumer rights awareness,Lowers taxes,Option A is incorrect because ads are unrelated.,Option B is incorrect because speed is not the goal.,The correct answer is C because awareness empowers consumers to protect themselves.,"Option D is incorrect because taxation is unrelated.
",C
"17. A video promoting wise purchasing should focus on:
","Celebrity endorsements
",Steps of informed decision-making,Impulse buying tactics,Store promotions,"Option A is incorrect because celebrities influence emotions.
",The correct answer is B because teaching the process builds skills.,"Option C is incorrect because impulses are discouraged.
",Option D is incorrect because promotions are marketing tools.,B
18. Using cheaper materials to complete a project without reducing quality is an example of: ,Resource Ignorance,Consumer Debt,Resource Substitution ,Impulse Buying,"Option A is incorrect because the action shows awareness, not ignorance.",Option B is incorrect because no debt is involved. ,The correct answer is C because using alternative materials without lowering quality demonstrates resource substitution. ,"Option D is incorrect because the decision is planned, not impulsive.",C
19. When is budgeting most effective?,"After purchase are made
",Without tracking expenses,"Before spending money
","When ignoring priorities

",Option A is incorrect because budgeting after purchases cannot guide decisions.,Option B is incorrect because expense tracking is necessary. ,The correct answer is C because budgeting is most effective when done before spending. ,Option D is incorrect because ignoring priorities defeats budgeting.,C
20. Which example best illustrates resource allocation in a household?,Only buying luxury items,"Assigning funds to bills, food, and savings",Borrowing for everything,Purchasing on impulse,Option A is incorrect because luxury spending ignores needs.,"The correct answer is B because allocating funds to bills, food, and savings reflects proper resource allocation.",Option C is incorrect because borrowing indicates poor allocation.,"Option D is incorrect because impulse buying lacks planning.
",B
"21. When a manager reviews expenses on a weekly basis, which management function is being demonstrated? ",Planning ,Evaluating ,Ignoring Priorities,Marketing,Option A is incorrect because planning occurs beforehand. ,"The correct answer is B because reviewing expenses assesses outcomes, which is evaluation. ",Option C is incorrect because ignoring priorities contradicts management. ,Option D is incorrect because marketing is unrelated.,B
"22. Highest priority when ranking product features:
","Color of the product
",Advertisement strength,Price alone,Personal need,Option A is incorrect because aesthetics are secondary.,Option B is incorrect because ads persuade.,Option C is incorrect because price alone is insufficient.,The correct answer is D because needs should guide all purchasing decisions.,D
"23. When members of a community combine their labor to grow crops together, which concept is being demonstrated? ",Individualism,Resource Sharing,Wasteful Consumption,Poor Planning,Option A is incorrect because the activity is not individualistic.,The correct answer is B because combining labor demonstrates resource sharing. ,Option C is incorrect because resources are used productively.,Option D is incorrect because cooperation shows good planning.,B
"24. When a household reuses jars for storing food or other items, which practice are they demonstrating? ",Planned Obsolescene ,Sustainable Resource Use,Consumer Manipulation,High Income,Option A is incorrect because planned obsolescence encourages disposal.,The correct answer is B because reusing jars promotes sustainable resource use. ,Option C is incorrect because consumer manipulation is not involved.,Option D is incorrect because income level is irrelevant.,B
"25. When a family assigns chores to each member to complete tasks more efficiently, which management principle are they applying? ",Marketing,Evaluating,Organizing,Advertising,Option A is incorrect because marketing involves selling. ,Option B is incorrect because evaluation reviews results. ,The correct answer is C because assigning chores involves organizing tasks and responsibilities. ,Option D is incorrect because advertising is unrelated.,C
26. Checking environmental impact shows application of:,Store loyalty,Celebrity influence,Value systems,Price checking,Option A is incorrect because loyalty is unrelated.,Option B is incorrect because celebrities are irrelevant.,The correct answer is C because environmental concern reflects values.,Option D is incorrect because impact is not price-based.,C
27. Why is it essential for a household to set goals?,To avoid planning,To guide resource use toward a purpose,To spend randomly ,To increase waste,Option A is incorrect because goals support planning.,The correct answer is B because setting goals guides resource use toward a purpose. ,Option C is incorrect because goals prevent random spending. ,Option D is incorrect because goals reduce waste.,B
"28. When a household reviews utility bills each month and charges their usage to manage costs, which management functions are being demonstrated? ",Evaluating and Controlling,Marketing Strategies,Impulse Consumption,Ignoring Finances,The correct answer is A because reviewing bills evaluates usage and adjusting behavior controls expenses.,Option B is incorrect because marketing is unrelated. ,Option C is incorrect because impulse consumption is avoided. ,Option D is incorrect because finances are actively managed.,A
"29. If a family doesn’t have much money and has many things to pay for, how should they plan their spending?",Decides randomly,Prioritize urgent needs first,Spend mostly on wants,Ignore savings,Option A is incorrect because random decisions cause misuse of funds.,The correct answer is B because prioritizing urgent needs ensures essential expenses are met. ,Option C is incorrect because focusing on wants is irresponsible. ,Option D is incorrect because savings should not be ignored.,B
"30. A girl has 1,000 pesos and plans to spend it on groceries, medicine, and savings according to his priorities. What does this demonstrate? ",Impulse buying ,Listing wants only,Effective resource allocation ,Ignoring needs,Option A is incorrect because spending is planned.,Option B is incorrect because needs are considered.,The correct answer is C because allocating money according to priorities shows effective resource allocation. ,Option D is incorrect because needs are not ignored.,C
31. A major difference between “Family” and “Household” is that a household ________? ,Requires blood relations.,Focuses on economic activities. ,"It exists only in urban areas. 
",Excludes decision-making.,Option A is incorrect because blood relations are not required. ,The correct answer is B because a household focuses on shared economic activities. ,Option C is incorrect because households exist in all areas.,Option D is incorrect because decision-making is essential in households.,B
32. Including “Time” as a resource highlights the importance of? ,Delaying decisions ,Productivity and Prioritization,Leisure activities,External Support,Option A is incorrect because delaying decisions wastes time. ,The correct answer is B because time as a resource emphasizes productivity and prioritization. ,Option C is incorrect because leisure is not the main focus. ,Option D is incorrect because external support is unrelated to time management.,B
33. Highest priority when ranking product features:,"Color of the product
",Advertisement strength,Price alone,Personal need,Option A is incorrect because aesthetics are secondary.,Option B is incorrect because ads persuade.,"Option C is incorrect because price alone is insufficient.
",The correct answer is D because needs should guide all purchasing decisions.,D
34. Why is understanding consumer needs essential before making a purchase?, It increases impulse buying,It helps consumers match products with priorities,It encourages trend-following,It focuses on brand popularity,Option A is incorrect because impulse buying ignores needs.,The correct answer is B because identifying needs ensures purchases are relevant and necessary.,Option C is incorrect because trends may not reflect necessity.,Option D is incorrect because popularity does not guarantee usefulness.,D
35. Which action best shows application of consumer rights?,Accepting defective products,Ignoring product warranties,Requesting a replacement for faulty goods,Buying without proof of purchase,Option A is incorrect because it tolerates unfair practices.,Option B is incorrect because warranties safeguard consumers.,The correct answer is C because asserting the right to redress protects consumers.,"Option D is incorrect because buying without proof of purchase undermines a consumer’s ability to claim refunds, repairs, or replacements, making it difficult to exercise the right to redress.",C
36. Consumer education helps prevent exploitation mainly by:,"Teaching blind trust
",Increasing product demand,Raising awareness and critical thinking,Promoting expensive brands,Option A is incorrect because blind trust increases risk.,Option B is incorrect because demand is not the goal.,The correct answer is C because awareness and critical thinking protect consumers from unfair practices.,Option D is incorrect because price does not equal protection.,C
"37. Which rationale best explains why home management must integrate planning, implementation, and evaluation?",To shorten household task duration.,To ensure family needs are met effectively. ,To eliminate conflict within the family. ,To assign work based on age only.,Option A is incorrect because it ignores the quality and appropriateness of outcomes.,The correct answer is B because home management is a cycle of decision-making to use resources for fulfilling needs.,Option C is incorrect because it is a possible outcome but not the main purpose of home management.,Option D is incorrect because it oversimplifies work distribution and ignores ability and need.,B
38. Which quality of a home manager most helps in resolving conflicts among family members?,Creativity,Understanding human nature,Perseverance,Physical Strength,Option A is incorrect because it can help with environment design but does not address interpersonal resolution.,The correct answer is B because understanding diverse personality types supports conflict resolution.,Option C is incorrect because it helps persistence but does not necessarily foster insightful empathy.,Option D is incorrect because it is irrelevant to relational conflicts.,B
"39. When a family emphasizes learning and personal growth over wealth and luxury, which need level are they focusing on according to Maslow?","Esteem Needs
",Physiological Needs,Self - Actualization,Safety Needs,The correct answer is A because esteem needs include recognition through achievements like educatio,"Option B (Physiological Needs) is incorrect because these are foundational survival needs such as food, water, and shelter.",Option C (Self-Actualization) is incorrect because it goes beyond esteem into personal fulfillment and realizing one’s full potential.,"Option D (Safety Needs) is incorrect because these are also foundational survival needs focused on protection and security, not recognition or achievement.",A
40. Which situation reflects responsible decision-making?,Buying during panic sales,Comparing alternatives before purchase,Choosing based on peer pressure,Purchasing without planning,Option A is incorrect because panic undermines judgment.,The correct answer is B because evaluation of options leads to informed decisions.,Option C is incorrect because pressure limits independence.,Option D is incorrect because planning is essential.,A
41. Why is budgeting emphasized in consumer education?,To encourage luxury spending,To restrict consumer freedom,To manage limited financial resources,To increase consumption,Option A is incorrect because budgeting promotes moderation.,Option B is incorrect because budgeting empowers choice.,The correct answer is C because budgeting helps control and allocate scarce resources.,"Option D is incorrect because spending is regulated, not increased.",C
"42. When tasks are delegated according to a person’s skills instead of their gender, which principle is being applied?",Random decision-making,Traditional roles,Efficient resource utilization,Social Norms,Option A (Random decision-making) is incorrect because it may reinforce bias and result in inefficiency.,Option B (Traditional roles) is incorrect because relying solely on traditional roles may reinforce bias and does not guarantee tasks match skills.,"The correct answer is C. Efficient resource utilization because aligning tasks with skills ensures that resources, including time and abilities, are used effectively to achieve household goals.","Option D (Social Norms) is incorrect because following social norms lacks intentionality and may ignore individual abilities, reducing efficiency.",C
43. Which management principle is demonstrated when a family postpones a non-essential purchase to save money for emergencies?,Priority setting,Impulse Spending,Social Conformity,Resource waste,"The correct answer is A. Priority Setting because it means allocating limited resources to needs first, ensuring effective home management and financial planning.",Option B (Impulse Spending) is incorrect because it opposes planned savings and thoughtful allocation of resources.,Option C (Social Conformity) is incorrect because it isn’t directly relevant to resource allocation or meeting needs.,Option D (Resource Waste) is incorrect because it contradicts the principles of savings and efficient resource management.,A
44. Why is adaptability important for a home manager?,To avoid family decisions,To enforce one routine consistently ,To cope with life changes and challenges,To maintain emotional detachment,Option A (To avoid family decisions) is incorrect because it resists change rather than managing it.,Option B (To enforce one routine consistently) is incorrect because enforcing a single routine limits flexibility and adaptability,The correct answer is C. To cope with life changes and challenges because adaptability helps families adjust to dynamic conditions and manage transitions effectively.,Option D (To maintain emotional detachment) is incorrect because it devalues involvement and undermines healthy family adjustment.,C
45. Through which means do family members primarily learn social manners and cultural customs?,Television programs,Schools only ,Family interaction and guidance,Random social events,Option A is incorrect because it represents secondary influences rather than the foundational role of family.,Option B is incorrect because it plays a supportive role but is not the main transmitter of culture.,The correct answer is C. Family Interaction and Guidance because the family is the primary agent in passing cultural norms to the next generation.,Option D is incorrect because it is also a secondary influence and does not replace the family’s primary role.,C
46. Which behavior shows ethical consumption?,Ignoring environmental impact,Choosing sustainable products,Buying in excess,Prioritizing convenience only,Option A is incorrect because awareness is required.,The correct answer is B because ethical consumers consider environmental and social effects.,Option C is incorrect because excess wastes resources.,Option D is incorrect because ethics require balance.,B
47. Consumer education is interdisciplinary because it:,Focuses only on economics,Avoids social issues,Integrates knowledge from different fields,Is limited to financial literacy,Option A is incorrect because it is broader than economics.,Option B is incorrect because social responsibility is included.,"The correct answer is C because it combines economics, law, psychology, and ethics",Option D is incorrect because finance is only one component.,C
"48. When a home manager anticipates budget shortages and develops alternative plans, which management principle is being applied?",Creative Planning,Avoidance of Responsibility,Reactionary Behavior,Financial Negligence,The correct answer is A. Creative Planning because anticipating budget shortages and developing alternative plans demonstrates proactive and innovative problem-solving in home management.,Option B (Avoidance of Responsibility) is incorrect because it implies neglecting duties rather than addressing them thoughtfully.,Option C (Reactionary Behavior) is incorrect because reacting only after problems occur does not show foresight or plannin,Option D (Financial Negligence) is incorrect because anticipating budget shortages and preparing alternative plans reflects responsible financial management rather than careless or improper handling of resources.,A
49. Which family type typically involves both nuclear members and extended kin in daily life?,Single Person,Nuclear Family ,Extended Family,Blended Family,Option A is incorrect because it has a limited scope of relational composition.,Option B is incorrect because it does not account for the full diversity of kin connections.,Option C is incorrect because its relational composition is also restricted and incomplete.,"The correct answer is D because it includes varied kin connections, representing a more comprehensive view of family relationships.",D
"50. According to Maslow’s hierarchy, at which point is the highest level of need fulfilled?",Basic food and shelter exists,"Health and safety are secured
",Personal potential is maximized,Esteem is publicly recognized,"Option A is incorrect because it represents foundational needs, such as physiological requirements.",Option B is incorrect because it also reflects foundational safety needs rather than personal fulfillment.,"The correct answer is C because self-actualization involves reaching one’s full potential and personal growth, the highest level in Maslow’s hierarchy of needs.","Option D is incorrect because it reflects esteem needs, which are important but not the highest level of Maslow’s hierarchy.",C
51. Home Management is best defined as:,Random household activity,Systematic utilization of resources,Activities done by one person only,Outsourcing household tasks,Option A is incorrect because it misrepresents management as arbitrary rather than systematic.,The correct answer is B because effective management requires structured systems and clear goals to guide decision-making and resource use.,Option C is incorrect because it overlooks the necessity of planning and goal-setting.,Option D is incorrect because it misinterprets management functions and lacks focus on outcomes.,B
52. Which essential family role involves providing emotional support and care for its members?,Nurturance and support,Sexual gratification,Provision of resources,Economic function,"The correct answer is A. Nurturance and support because the family’s primary function is to provide care, emotional support, and guidance to its members.","Option B (Sexual gratification) is incorrect because it is a biological aspect of relationships, not a primary family function.","Option C (Provision of resources) is incorrect because while important, providing resources is secondary to emotional and social support.",Option D (Economic function) is incorrect because economic roles are a supportive function rather than the central purpose of the family.,A
53. Why should children participate in household tasks?,To enforce adult dominance,"To encourage independence and responsibility
",To reduce parent workload only,To keep them busy without purpose,Option A is incorrect because enforcing adult dominance is negative and does not promote learning or growth.,"The correct answer is B because participation in household tasks encourages independence and builds responsibility, helping children develop important life skills.",Option C is incorrect because doing tasks merely to reduce parent workload overlooks the developmental benefits for children.,Option D is incorrect because keeping children busy without purpose does not foster responsibility or skill-building.,B
54. Which factor should NOT heavily influence buying decisions?,Product quality,Personal needs,Misleading advertisements,Budget limitations,Option A is incorrect because quality affects value.,Option B is incorrect because it needs guide relevance.,The correct answer is C because misleading ads distort judgment.,"Option D is incorrect because the budget sets limits.
",C
"55. A home manager needs to allocate time for three chores: cooking, cleaning, and attending an online class, all due at the same time. Which approach reflects “effective time management”?
",Doing only the easiest task first,Prioritizing based on task urgency and deadline,Performing tasks randomly,Ignoring the class to finish cleaning,Option A is incorrect because choosing the easiest task may neglect what’s most important.,The correct answer is B because effective time management prioritizes tasks by urgency and deadlines to maximize outcomes.,Option C is incorrect because lack of structure reduces efficiency.,Option D is incorrect because skipping commitments (like a class) undermines responsibility.,B
"56. Why is impulse buying discouraged?
","It always leads to regret
","It ignores careful evaluation
",It increases product awareness,It strengthens financial planning,Option A is incorrect because regret is not guaranteed.,"The correct answer is B because impulse buying bypasses rational assessment.
","Option C is incorrect because awareness is superficial.
","Option D is incorrect because impulse weakens planning.
",B
"57. Which practice promotes consumer protection?
",Blind trust in sellers,Awareness of consumer laws,Emotional attachment to brands,Ignoring product information,Option A is incorrect because trust must be informed.,The correct answer is B because knowledge of laws empowers consumers.,"Option C is incorrect because attachment can bias decisions.
","Option D is incorrect because information is essential.
",B
58. Why should consumers read labels carefully?,"For entertainment
",To follow fashion trends,"To obtain accurate product information
",To support marketing efforts,"Option A is incorrect because labels inform, not entertain.",Option B is incorrect because trends are irrelevant.,The correct answer is C because labels provide essential facts for decision-making.,Option D is incorrect because labels protect consumers.,C
"59. When a family with limited income must choose between paying school fees and purchasing a non-essential gadget, which economic concept is being illustrated?",Scarcity and trade-offs,Unlimited resources,"Impulsive purchasing
","Exclusive focus on wants
",The correct answer is A because scarcity forces families to make choices and forego alternatives.,Option B is incorrect because family resources are limited.,"Option C is incorrect as the scenario is deliberate, not impulsive.","Option D is incorrect because the family’s focus is on fulfilling needs (education), not wants.",A
60. Why is delegation important for a home manager?,To ignore teamwork,To avoid doing work personally,To share responsibilities according to abilities,To demonstrate authority over family members,Option A is incorrect because ignoring teamwork contradicts collaborative home management principles.,Option B is incorrect because avoidance does not equate to delegation.,The correct answer is C because delegation ensures tasks are completed efficiently while building cooperation and skill development.,"Option D is incorrect because delegation is about efficiency, not asserting authority.",C
61. Why is consumer education vital in modern society?,Markets are simple,Choices are limited,Consumers face complex decisions,Advertising is declining,Option A is incorrect because markets are complex.,Option B is incorrect because choices are abundant.,The correct answer is C because modern markets offer many complex options.,Option D is incorrect because advertising is increasing.,C
62. Which activity best demonstrates effective meal planning?,Preparing meals randomly each day,Cooking only what is available without planning,"Creating a weekly menu based on nutrition and budget
",Ordering fast food for convenience,"Option A is incorrect because random meals waste resources and time.
",Option B is incorrect because unplanned cooking can result in waste and poor meal quality.,The correct answer is C because meal planning ensures balanced nutrition and efficient resource use.,Option D is incorrect because relying on fast food lacks nutritional planning and cost control.,C
63. What is the primary purpose of setting household goals?,To show off planning skills to neighbors,"To focus efforts and prioritize tasks effectively
",To assign tasks randomly,To have something to write down without action,"Option A is incorrect because the purpose is functional, not social recognition.",The correct answer is B because setting goals guides decision-making and resource allocation.,Option C is incorrect because random assignment ignores efficiency and planning.,"Option D is incorrect because goals are meant to direct action, not just documentation.",B
"64. A home manager receives an unexpected decrease in household income and decides to reduce spending on leisure activities while maintaining the budget for food, utilities, and education. Which management principle is being demonstrated?",Task avoidance,Doing least important tasks first,Ignoring responsibilities,Priority setting,"Option A is incorrect because reducing leisure expenses shows deliberate decision-making, not avoidance.",Option B is incorrect because essential needs are given precedence over less important activities.,Option C is incorrect because maintaining basic needs reflects responsible household management.,The correct answer is D because priority setting requires identifying essential needs and allocating limited resources to them first.,D
65. A family regularly experiences shortages before the end of each month because expenses are not monitored. Which purpose of budgeting directly addresses this problem?,"To allocate limited resources effectively to meet essential needs
",To eliminate the need for financial planning,To encourage spending without limits,To compare lifestyle with other families,"The correct answer is A because budgeting helps control spending, allocate resources properly, and ensure that essential needs are met throughout the month.","Option B is incorrect because budgeting is a form of financial planning, not a replacement for it.",Option C is incorrect because unlimited spending leads to financial instability.,"Option D is incorrect because budgeting is intended to manage household resources, not to compete socially.",A
"66. In a household where tasks are completed faster and with fewer conflicts, family members are assigned responsibilities that match their strengths and available time. Which practice contributes most to this outcome?","Avoiding household responsibilities
",Assigning tasks based on abilities and skills,"Ignoring cooperation among members
",Letting only one person handle all tasks,Option A is incorrect because avoiding responsibilities leads to unfinished tasks.,The correct answer is B because assigning tasks according to each member’s abilities and skills ensures work is done efficiently and reduces unnecessary burden.,Option C is incorrect because cooperation and teamwork are necessary for smooth household operations.,Option D is incorrect because concentrating all tasks on one person causes overload and lowers efficiency.,B
67. A household frequently exceeds its budget because family members are unsure where their money is being spent. Which management practice would best help prevent this problem?,Increasing income without monitoring expenses,Ignoring financial transactions,Monitoring expenses and resource usage through proper records,Keeping information only in memory,Option A is incorrect because higher income alone does not solve poor financial control.,Option B is incorrect because ignoring transactions leads to mismanagement.,"The correct answer is C because proper record-keeping provides accurate information that helps monitor expenses, evaluate spending patterns, and make informed household decisions.",Option D is incorrect because relying on memory is unreliable and inaccurate for tracking resources.,C
"68. Which approach demonstrates adaptability in managing household changes?
",Adjusting routines when unexpected events occur,Following the same plan rigidly,Ignoring new situations,Delegating only minor tasks,The correct answer is A because adaptability allows the household to maintain stability and efficiency despite changes.,Option B is incorrect because adaptation is about overall flexibility.,Option C is incorrect because rigidity prevents effective response.,Option D is incorrect because ignoring changes can create problems.,A
"69. A well-informed consumer is most likely to:
",Buy impulsively,Depend solely on ads,Evaluate options carefully,Follow peer pressure,"Option A is incorrect because impulse ignores information.
",Option B is incorrect because ads persuade.,The correct answer is C because informed consumers analyze before buying.,"Option D is incorrect because peers may differ.
",C
"70. Which action shows application of budgeting skills?
",Spending without tracking,Allocating income to needs and savings,Buying based on emotions,Ignoring financial limits,Option A is incorrect because tracking is essential.,The correct answer is B because budgeting allocates resources wisely.,Option C is incorrect because emotions mislead.,Option D is incorrect because limits matter.,B
71. Consumer complaints are important because they:,Annoy businesses,Improve consumer awareness and protection,Delay product use,Promote unnecessary conflict,Option A is incorrect because complaints serve a purpose.,The correct answer is B because complaints help correct unfair practices.,Option C is incorrect because resolution is the goal.,Option D is incorrect because complaints seek fairness.,B
72. Why should consumers avoid blind brand loyalty?,It limits independent thinking,It increases product choices,It improves decision-making,It ensures quality,The correct answer is A because blind loyalty discourages evaluation.,Option B is incorrect because loyalty narrows options.,Option C is incorrect because evaluation is reduced.,Option D is incorrect because brands vary in quality.,A
73. A home manager regularly checks whether household tasks are completed properly and provides guidance when standards are not met. What is the primary purpose of this action?,To discourage family members from participating,"To focus on finding faults and assigning blame
",To control every activity without trust,To ensure household tasks meet set goals and standards,"Option A is incorrect because effective supervision encourages, not discourages, participation.","Option B is incorrect because supervision is meant to guide and improve performance, not punish mistakes.",Option C is incorrect because excessive control reduces independence and efficiency.,The correct answer is D because supervision helps ensure that household activities are carried out according to planned goals and acceptable standards.,D
"74. Why is planning essential in consumer decision-making?
",It eliminates all risks,It ensures unlimited resources,It helps manage scarcity effectively,It guarantees satisfaction,Option A is incorrect because risk always exists.,Option B is incorrect because resources are finite.,The correct answer is C because resources are limited and require management.,Option D is incorrect because satisfaction varies.,C
75. How does the interrelated nature of resources affect household decision-making?,It makes planning unnecessary,It forces prioritization to meet goals efficiently,It allows unlimited use without consequences,It encourages ignoring scarce resources,Option A is incorrect because ignoring planning leads to wasted time and resources.,The correct answer is B because resources are connected and limited; effective household decision-making requires prioritizing which needs and goals to address first to maximize outcomes.,Option C is incorrect because resources are rarely unlimited; assuming so causes poor management.,Option D is incorrect because ignoring scarcity undermines the family’s ability to achieve goals.,B
76. Why must resources have alternate uses in household management?,To create more problems,To allow flexibility in unplanned situations,To avoid setting priorities,To eliminate the need for planning,"Option A is incorrect because resources are meant to solve problems, not create them.","The correct answer is B because alternate uses of resources allow a family to adapt when unexpected needs arise, ensuring continuity in achieving goals.",Option C is incorrect because alternate uses do not remove the need to prioritize.,Option D is incorrect because planning is still required even when resources are flexible.,B
77. What is an effective strategy for maximizing satisfaction with limited household resources?,Spending randomly,Using resources to meet wants and needs efficiently,Ignoring family goals,Delegating all decisions to others,Option A is incorrect because random spending wastes resources.,"The correct answer is B because efficient resource use ensures that both essential needs and desired goals are met within limits, increasing overall satisfaction.",Option C is incorrect because ignoring goals prevents satisfaction from being achieved.,Option D is incorrect because relying entirely on others removes control and accountability over household outcomes.,B
78. Which statement correctly compares human and non-human resources?,Human resources like skills drive planning; non-human resources are tools and materials,Non-human resources are more important than human resources,Human resources are unlimited,Both types are identical and interchangeable,"The correct answer is A because human resources (skills, knowledge, energy) are the drivers of action, while non-human resources (money, equipment) support tasks.",Option B is incorrect because human resources are essential for using non-human resources effectively.,"Option C is incorrect because human resources are limited by time, energy, and capability.",Option D is incorrect because human and non-human resources have distinct roles and cannot be used interchangeably.,A
79. What is the likely impact on a household if time is poorly managed?,Tasks are completed early,Stress increases and resources are wasted,Nothing changes,Family satisfaction automatically improves,Option A is incorrect because poor planning rarely results in early completion.,"The correct answer is B because poor time management leads to rushed or missed tasks, causing stress and inefficient resource use.",Option C is incorrect because the effects of mismanaged time are significant and noticeable.,"Option D is incorrect because poor time management usually decreases satisfaction, not improves it.",B
80. How can resource substitution help achieve family goals?,By wasting money on unnecessary items,"By swapping one resource for another to maintain progress
",By avoiding difficult tasks,By ignoring priorities,Option A is incorrect because wasting resources undermines goal achievement.,"The correct answer is B because substituting one resource (e.g., walking instead of taking a bus) allows the family to continue meeting goals without extra cost or delay.","Option C is incorrect because avoiding tasks prevents progress.
",Option D is incorrect because ignoring priorities results in inefficient use of resources.,B
81. What is the role of a homemaker in achieving family goals?,Delegating all tasks randomly,"Planning, organizing, and motivating family members",Avoiding involvement in household decisions,Focusing only on cleaning,"Option A is incorrect because random delegation leads to inefficiency.
","The correct answer is B because a homemaker coordinates activities, manages resources, and motivates family members toward shared goals.",Option C is incorrect because avoiding decisions prevents goal achievement.,Option D is incorrect because cleaning is only one of many responsibilities; the role is broader.,B
"82. Which action best demonstrates informed choice?
",Buying due to urgency,Relying solely on discounts,Evaluating product information,Following influencers,Option A is incorrect because urgency pressures decisions.,Option B is incorrect because discounts may mislead.,The correct answer is C because informed choices rely on facts.,Option D is incorrect because influence replaces judgment.,C
83. Why should consumers consider opportunity cost?,To increase spending,To understand trade-offs in choices,To ignore alternatives,To follow trends,"Option A is incorrect because spending is evaluated.
","The correct answer is B because opportunity cost highlights what is given up.
",Option C is incorrect because alternatives matter.,"Option D is incorrect because trends may mislead.
",B
"84. The ultimate aim of consumer education is to:
",Control consumer behavior,Increase market demand,Empower responsible and informed consumers,Promote brand dominance,Option A is incorrect because autonomy is respected.,Option B is incorrect because demand is not the focus.,The correct answer is C because empowerment and responsibility are core goals.,Option D is incorrect because dominance harms competition.,C
85. How does understanding opportunity cost improve consumer decision-making?,It helps consumers recognize what they give up when choosing one option over another,It encourages buying the cheapest product available,It focuses only on immediate benefits,It eliminates the need to compare alternatives,The correct answer is A because understanding opportunity cost allows consumers to evaluate trade-offs and make more thoughtful choices.,Option B is incorrect because the cheapest option may not offer the best value.,Option C is incorrect because opportunity cost considers long-term effects.,Option D is incorrect because comparison is essential in evaluating opportunity cost.,A
86. How can households conserve resources to improve satisfaction?,By tracking use and reducing waste,By spending freely,By ignoring needs,By avoiding planning,"The correct answer is A because careful monitoring and minimizing waste ensures resources are available for essential goals, increasing satisfaction.",Option B is incorrect because excessive spending depletes resources.,Option C is incorrect because ignoring needs reduces well-being.,Option D is incorrect because avoidance prevents proper allocation of resources.,A
87. Why are management skills important in everyday household life?,They allow resources to be used efficiently to meet goals,They make tasks more complicated,They are unnecessary,They replace family decision-making,"The correct answer is A because management skills help plan, organize, and control resource use to ensure family goals are met effectively.","Option B is incorrect because management simplifies, not complicates, tasks.
","Option C is incorrect because households require decisions and planning.
","Option D is incorrect because management skills support, not replace, family decision-making.
",A
88. Critique: “Resources are useful only when unlimited.” Which is correct?,"True, because abundance solves problems","False, because scarce resources must be managed wisely","True, planning is irrelevant","False, resources are never needed",Option A is incorrect because abundance is rare and does not teach efficient use.,The correct answer is B because all resources are limited; effective management ensures they are allocated to achieve maximum benefits.,Option C is incorrect because planning is essential regardless of resource levels.,Option D is incorrect because resources are always required for household functioning.,B
89. How is household resource management applied in real life?,"Planning, using, and evaluating resources for satisfaction",Random use of resources,Ignoring available tools,Avoiding planning,The correct answer is A because applying the principles of management ensures resources are used systematically to meet household goals.,Option B is incorrect because random resource use leads to waste.,Option C is incorrect because tools and materials are essential for efficiency.,Option D is incorrect because planning is central to effective management.,A
90. How can the main characteristics of resources be synthesized into a family guide?,"Explain scarcity, substitutability, and efficient use for better decisions",Ignore characteristics,Encourage unlimited use,Avoid planning,"The correct answer is A because a clear guide on how resources are limited, substitutable, and manageable helps families make informed and efficient decisions.",Option B is incorrect because ignoring characteristics prevents understanding and proper use.,Option C is incorrect because resources are rarely unlimited; promoting unlimited use is unrealistic.,Option D is incorrect because planning is essential for effective resource management.,A
